Client / Brokerage,,,,,,,,
Sub-account name,,,,,,,,
Location ID,,,,,,,,
Installer,,,,,,,,
Go-live target,,,,,,,,
Support opp link,,,,,,,,
Status,,,,,,,,
,,,,,,,,
Section,Step,Task,Done,Notes,Owner,Date done,Blocker
0. Install Snapshot,0.1,Create new sub-account (or use empty target),FALSE,,,,
0. Install Snapshot,0.2,"Load REOS Snapshot (fields, tags, pipelines, workflows, calendars, forms/sites, smart lists, Conversation AI, templates)",FALSE,,,,
0. Install Snapshot,0.3,Resolve conflicts Skip or Overwrite (prefer Skip on existing primary bot),FALSE,,,,
0. Install Snapshot,0.4,Confirm import finished with no failed assets,FALSE,,,,
0. Install Snapshot,0.5,Record Location ID in header above,FALSE,,,,
1. Business profile & branding,1.1,"Business name, timezone, address, logo",FALSE,,,,
1. Business profile & branding,1.2,Favicon / brand assets for this client,FALSE,,,,
1. Business profile & branding,1.3,Optional: white-label domain for this location,FALSE,,,,
2. Users & permissions,2.1,Invite owner + agents,FALSE,,,,
2. Users & permissions,2.2,Assign Roles (lock Workflows / AI Agents / Settings for agents if standard),FALSE,,,,
2. Users & permissions,2.3,Set Internal Notification recipients,FALSE,,,,
3. Phone SMS email,3.1,Attach LC phone number,FALSE,,,,
3. Phone SMS email,3.2,Complete A2P / 10DLC for this brand,FALSE,,,,
3. Phone SMS email,3.3,Verify sending email domain,FALSE,,,,
3. Phone SMS email,3.4,Test outbound SMS + email,FALSE,,,,
4. Verify Snapshot - Fields & tags,4.1,"Custom fields present (Intent, profiles, Preferred Channel/Language, AI fields)",FALSE,,,,
4. Verify Snapshot - Fields & tags,4.2,"Core tags present (temp_hot/warm/cold, ready_to_book, appt_booked, ai_qualifying, researcher_done or research_done, needs_contact_info, ai_handoff, coordinated, coord_email_only, channel_sms/email, lang_en, opted_out, compliance_hold, scout_priority, timeline tags)",FALSE,,,,
4. Verify Snapshot - Pipeline & calendar,4.3,Pipeline REOS Leads with stages New through Closed Lost,FALSE,,,,
4. Verify Snapshot - Pipeline & calendar,4.4,Calendar REOS Consult exists (structure only),FALSE,,,,
4. Verify Snapshot - Bots,4.5,"Bots imported: REOS Lead Concierge, REOS Scheduler, REOS Follow-Up",FALSE,,,,
4. Verify Snapshot - Bots,4.6,Prompts/actions look intact,FALSE,,,,
4. Verify Snapshot - Bots,4.7,Concierge Appointment Booking Off; Scheduler Booking On,FALSE,,,,
4. Verify Snapshot - Workflows,4.8,"Workflows present: Intake, Researcher, Coordinator, Compliance Guard",FALSE,,,,
4. Verify Snapshot - Workflows,4.9,"Workflows present: Appointment Booked, Hot, Warm, Cold, Handoff",FALSE,,,,
4. Verify Snapshot - Workflows,4.10,Start Scheduler / Start Follow-Up present if in snapshot,FALSE,,,,
4. Verify Snapshot - Workflows,4.11,Scout Daily Priority present,FALSE,,,,
4. Verify Snapshot - Workflows,4.12,Channel openers / tag bridges / Field Sync present if in snapshot,FALSE,,,,
4. Verify Snapshot - Smart lists,4.13,"Smart lists: Ready to Book, Needs Contact Info, Human Handoff, Nurture, Email Only (+ Scout if included)",FALSE,,,,
5. Remap - Calendar,5.1,Connect Google/Outlook or set manual availability,FALSE,,,,
5. Remap - Calendar,5.2,Confirm open slots this week,FALSE,,,,
5. Remap - Calendar,5.3,Native confirmation + reminders On,FALSE,,,,
5. Remap - Calendar,5.4,REOS Scheduler Appointment Booking → this location REOS Consult,FALSE,,,,
5. Remap - Calendar,5.5,Appointment Booked workflow calendar filter → this calendar,FALSE,,,,
5. Remap - Bots & channels,5.6,Enable SMS on Concierge (and others as needed),FALSE,,,,
5. Remap - Bots & channels,5.7,Connect FB/IG if used; verify source tags / bridges,FALSE,,,,
5. Remap - Bots & channels,5.8,Stop bot Off on Concierge/Scheduler (Compliance Guard owns opt-out),FALSE,,,,
5. Remap - Bots & channels,5.9,Suggestive while testing then Autopilot when live,FALSE,,,,
5. Remap - Bots & channels,5.10,Primary bot: only one primary,FALSE,,,,
5. Remap - Forms & sources,5.11,"Client form(s) mapped: name, email, phone",FALSE,,,,
5. Remap - Forms & sources,5.12,Form still triggers REOS Intake,FALSE,,,,
5. Remap - Forms & sources,5.13,Meta lead forms / inbound SMS rules confirmed,FALSE,,,,
5. Remap - Forms & sources,5.14,Avoid double Intake (Form + Contact Created),FALSE,,,,
6. Workflow people actions,6.1,Coordinator assign / round-robin users set,FALSE,,,,
6. Workflow people actions,6.2,Hot / Warm / Cold / Handoff notification recipients set,FALSE,,,,
6. Workflow people actions,6.3,Compliance Guard notify recipient set,FALSE,,,,
6. Workflow people actions,6.4,Scout notify recipient set,FALSE,,,,
6. Workflow people actions,6.5,Appointment Booked agent notify set,FALSE,,,,
6. Workflow people actions,6.6,Researcher needs_contact_info notify set,FALSE,,,,
7. Client prompt tweaks (optional),7.1,Brokerage name / market / tone updated in bot prompts if needed,FALSE,,,,
7. Client prompt tweaks (optional),7.2,Knowledge Base docs for this client if used,FALSE,,,,
8. Private Integration (optional),8.1,Create PIT in this sub-account,FALSE,,,,
8. Private Integration (optional),8.2,Store Location ID + token in secrets for this client,FALSE,,,,
8. Private Integration (optional),8.3,Skip seed:fields if Snapshot already brought fields,FALSE,,,,
9. Go-live smoke test,9.1,Researcher: phone → channel_sms + researcher_done,FALSE,,,,
9. Go-live smoke test,9.2,Researcher: no contact → needs_contact_info,FALSE,,,,
9. Go-live smoke test,9.3,Coordinator: exclusive Concierge / Scheduler / Follow-Up Active,FALSE,,,,
9. Go-live smoke test,9.4,Compliance: opted_out → all bots Inactive,FALSE,,,,
9. Go-live smoke test,9.5,Hot → ready_to_book → Scheduler → book → appt_booked + Appointment Set,FALSE,,,,
9. Go-live smoke test,9.6,Warm/Cold → Follow-Up + nurture path,FALSE,,,,
9. Go-live smoke test,9.7,Handoff → bots off + agent notify,FALSE,,,,
9. Go-live smoke test,9.8,Form submit → Intake → full path on real test phone,FALSE,,,,
10. Handoff to client,10.1,Logins + roles confirmed,FALSE,,,,
10. Handoff to client,10.2,"Agents know queues: Ready to Book, Handoff, Nurture, Needs Contact",FALSE,,,,
10. Handoff to client,10.3,Calendar users can take bookings,FALSE,,,,
10. Handoff to client,10.4,Support URL for help tickets shared,FALSE,,,,
10. Handoff to client,10.5,Mark location live / Autopilot On,FALSE,,,,
10. Handoff to client,10.6,Move Support onboarding opp → Live then Closed,FALSE,,,,
10. Handoff to client,10.7,Send your-account-is-ready email with login link,FALSE,,,,
Support tracker stage,,,FALSE,New → Snapshot loaded → Connections → Testing → Live → Closed,,,
